{
  "schema_version": "1.0",
  "description": "Pre-computed forward model outputs for canonical seeds. Use these as reference signatures to compare against live simulation or recovered outputs.",
  "generation_params": {
    "harmonics": [
      2,
      3,
      5
    ],
    "include_j2": true,
    "steps": 2,
    "delta_v_scale": 0.001,
    "symbol_period": 300.0
  },
  "pairs": {
    "neutral": {
      "seed": [
        0.16666666666666666,
        0.16666666666666666,
        0.16666666666666666,
        0.16666666666666666,
        0.16666666666666666,
        0.16666666666666666,
        0.16666666666666666,
        0.16666666666666666,
        0.16666666666666666,
        0.16666666666666666,
        0.16666666666666666,
        0.16666666666666666,
        0.16666666666666666,
        0.16666666666666666,
        0.16666666666666666
      ],
      "num_samples": 62,
      "duration_seconds": 600.0,
      "symbol_period": 300.0,
      "delta_v_scale": 0.001,
      "channel_stats": {
        "AB": {
          "min": 0.0,
          "max": 236171.90423484272,
          "mean": 175104.81948125525,
          "std": 66984.6329326635,
          "total_energy": 2179215608990.5725
        },
        "BC": {
          "min": 0.0,
          "max": 343041.42542408494,
          "mean": 283486.1776159211,
          "std": 86873.71693859439,
          "total_energy": 5450510246828.78
        },
        "AC": {
          "min": 0.0,
          "max": 504519.5339547868,
          "mean": 397248.11367487634,
          "std": 124356.97603861034,
          "total_energy": 10742784721078.326
        }
      },
      "downsampled_times": [
        0.0,
        30.0,
        60.0,
        90.0,
        120.0,
        150.0,
        180.0,
        210.0,
        240.0,
        270.0,
        300.0,
        320.0,
        350.0,
        380.0,
        410.0,
        440.0,
        470.0,
        500.0,
        530.0,
        560.0,
        590.0
      ],
      "downsampled_phase_rates_AB": [
        0.0,
        32330.821352913626,
        63244.57083837518,
        91611.72626971343,
        116752.52805017187,
        138437.3141161927,
        156777.7131247939,
        172087.1769858332,
        184763.78971815426,
        195213.00493806764,
        203806.20181955796,
        208664.3643768184,
        214849.73342146698,
        219916.52757955532,
        224053.19777773097,
        227410.68464182992,
        230109.37839385218,
        232245.17633235175,
        233894.51945261343,
        235118.47498395146,
        235965.9992497818
      ],
      "downsampled_phase_rates_BC": [
        0.0,
        75195.53347772532,
        142592.7911122898,
        197828.86928344626,
        240438.97685411957,
        272191.48675590253,
        295438.2662661581,
        312277.6451524878,
        324321.3561274452,
        332725.7276968787,
        338294.52383589273,
        340711.9421981295,
        342692.07836686756,
        342950.38999586983,
        341693.4235989391,
        339070.8558089579,
        335197.39129385224,
        330167.87923191785,
        324067.55835121794,
        316978.7080555543,
        308984.58353525307
      ],
      "downsampled_phase_rates_AC": [
        0.0,
        107108.47891922056,
        205649.16714372256,
        289823.874138688,
        357507.0161673051,
        409360.99297203467,
        447421.50509928894,
        474038.29208873276,
        491339.1125734579,
        501054.37490966124,
        504519.5339547868,
        503865.99361033423,
        499026.8839119225,
        490104.0116857908,
        477585.4793893705,
        461862.83996104077,
        443264.8328547996,
        422081.398980422,
        398580.0593514844,
        373016.3418968002,
        345639.60358002054
      ]
    },
    "prograde_heavy": {
      "seed": [
        0.6,
        0.0,
        0.1,
        0.0,
        0.15,
        0.6,
        0.0,
        0.1,
        0.0,
        0.15,
        0.6,
        0.0,
        0.1,
        0.0,
        0.15
      ],
      "num_samples": 62,
      "duration_seconds": 600.0,
      "symbol_period": 300.0,
      "delta_v_scale": 0.001,
      "channel_stats": {
        "AB": {
          "min": 0.0,
          "max": 236171.87047091767,
          "mean": 175104.80662764993,
          "std": 66984.62460810291,
          "total_energy": 2179215260755.6997
        },
        "BC": {
          "min": 0.0,
          "max": 343041.40437741845,
          "mean": 283486.1688928469,
          "std": 86873.71273527152,
          "total_energy": 5450509894913.159
        },
        "AC": {
          "min": 0.0,
          "max": 504519.51307565835,
          "mean": 397248.127204826,
          "std": 124356.96692798026,
          "total_energy": 10742785247058.637
        }
      },
      "downsampled_times": [
        0.0,
        30.0,
        60.0,
        90.0,
        120.0,
        150.0,
        180.0,
        210.0,
        240.0,
        270.0,
        300.0,
        320.0,
        350.0,
        380.0,
        410.0,
        440.0,
        470.0,
        500.0,
        530.0,
        560.0,
        590.0
      ],
      "downsampled_phase_rates_AB": [
        0.0,
        32330.821286223025,
        63244.570459346054,
        91611.72520737784,
        116752.52587428424,
        138437.31039503415,
        156777.7074637535,
        172087.1690478708,
        184763.77923236584,
        195212.99170225865,
        203806.1857005301,
        208664.35618052314,
        214849.72265756698,
        219916.51406698418,
        224053.18136910477,
        227410.6652423189,
        230109.3559759351,
        232245.15094700834,
        233894.49123736747,
        235118.44416804909,
        235965.96615670115
      ],
      "downsampled_phase_rates_BC": [
        0.0,
        75195.53320499226,
        142592.7895279075,
        197828.8650019178,
        240438.96858415756,
        272191.4735187869,
        295438.2474623427,
        312277.62057598645,
        324321.3259709462,
        332725.6925541435,
        338294.48469652806,
        340711.9183636294,
        342692.05589992815,
        342950.3698415295,
        341693.40697951283,
        339070.8442351037,
        335197.3865333004,
        330167.8832411271,
        324067.5731765315,
        316978.73571230675,
        308984.6258750254
      ],
      "downsampled_phase_rates_AC": [
        0.0,
        107108.47858252052,
        205649.1651871935,
        289823.8687879232,
        357507.0057187065,
        409360.9761738962,
        447421.48133573396,
        474038.26144629315,
        491339.0758535839,
        501054.3336128247,
        504519.49023967976,
        503865.9751535063,
        499026.8710679289,
        490104.0072530354,
        477585.4866637923,
        461862.8626837752,
        443264.8750880983,
        422081.46492432314,
        398580.1531170633,
        373016.46725504374,
        345639.76370753656
      ]
    },
    "retrograde_heavy": {
      "seed": [
        0.0,
        0.6,
        0.1,
        0.0,
        0.15,
        0.0,
        0.6,
        0.1,
        0.0,
        0.15,
        0.0,
        0.6,
        0.1,
        0.0,
        0.15
      ],
      "num_samples": 62,
      "duration_seconds": 600.0,
      "symbol_period": 300.0,
      "delta_v_scale": 0.001,
      "channel_stats": {
        "AB": {
          "min": 0.0,
          "max": 236171.93951116994,
          "mean": 175104.83203529753,
          "std": 66984.6415631706,
          "total_energy": 2179215953262.286
        },
        "BC": {
          "min": 0.0,
          "max": 343041.45392199006,
          "mean": 283486.19030101865,
          "std": 86873.72375778409,
          "total_energy": 5450510766197.607
        },
        "AC": {
          "min": 0.0,
          "max": 504519.5766197845,
          "mean": 397248.107442874,
          "std": 124356.98708692491,
          "total_energy": 10742784584465.531
        }
      },